Workbook

Sheet روند و تارگت
A1: ژ | B1: کدشعبه | C1: نام شعبه | D1: ریالی راکد | E1: درصد راکد16 شهریور | F1: درصد راکد18 شهریور2 | G1: درصد راکد 20 شهریور | H1: درصد راکد 24 شهریور | I1: درصد راکد 26شهریور | J1: درصد راکد1 مهر | K1: درصد راکد9 مهر | L1: درصد راکد11مهر | M1: تغییرات | N1: سرپرست فروشگاه | O1: تارگت15 مهر | P1: تغییرات تارگتی مورد انتظار | Q1: درصد تحقق
A2: =VLOOKUP(Table9[[#This Row],[نام شعبه ]],[1]دیتا!E:G,3,0) -> مصطفی سیفی | B2: OKS02295 | C2: فروشگاه خرم آباد قاضی آباد دو | D2: =_xlfn.XLOOKUP(Table9[[#This Row],[کدشعبه ]],'[1]60 روزه'!A:A,'[1]60 روزه'!D:D,"*",0) -> 414623415 | E2: 0.00089042383 | F2: 0.0016925813 | G2: =_xlfn.XLOOKUP(Table9[[#This Row],[کدشعبه ]],'[1]60 روزه'!A:A,'[1]60 روزه'!E:E,1) -> 0.0054546384 | H2: 0.0079667077 | I2: 0.0032033341 | J2: 0.0080424935 | K2: 0.0078816236 | L2: 0.0054546384 | M2: =L2-K2 -> -0.0024269852 | N2: =_xlfn.XLOOKUP(Table9[[#This Row],[کدشعبه ]],[1]!Table28[کد فروشگاه],[1]!Table28[Column1],"*",0) -> وحید بشارتی منش | O2: =K2-(J2*0.15) -> 0.0066752496 | P2: =O2-J2 -> -0.0013672439 | Q2: =Table9[[#This Row],[تارگت15 مهر]]/Table9[[#This Row],[درصد راکد11مهر]] -> 1.2237749
A3: =VLOOKUP(Table9[[#This Row],[نام شعبه ]],[1]دیتا!E:G,3,0) -> جواد رستمی | B3: OKS07701 | C3: فرانچایز کوهدشت بلوار خلیج فارس | D3: =_xlfn.XLOOKUP(Table9[[#This Row],[کدشعبه ]],'[1]60 روزه'!A:A,'[1]60 روزه'!D:D,"*",0) -> 947944683 | E3: 0.014862852 | F3: 0.012054733 | G3: =_xlfn.XLOOKUP(Table9[[#This Row],[کدشعبه ]],'[1]60 روزه'!A:A,'[1]60 روزه'!E:E,1) -> 0.013977291 | H3: 0.012687427 | I3: 0.01271553 | J3: 0.016315966 | K3: 0.019301261 | L3: 0.013977291 | M3: =L3-K3 -> -0.0053239698 | N3: =_xlfn.XLOOKUP(Table9[[#This Row],[کدشعبه ]],[1]!Table28[کد فروشگاه],[1]!Table28[Column1],"*",0) -> نور محمد گراوند | O3: =K3-(J3*0.15) -> 0.016853866 | P3: =O3-J3 -> 0.00053790036 | Q3: =Table9[[#This Row],[تارگت15 مهر]]/Table9[[#This Row],[درصد راکد11مهر]] -> 1.2058035
A4: =VLOOKUP(Table9[[#This Row],[نام شعبه ]],[1]دیتا!E:G,3,0) -> مصطفی سیفی | B4: OKS10648 | C4: فرانچایز خرم آباد چهارراه بانک | D4: =_xlfn.XLOOKUP(Table9[[#This Row],[کدشعبه ]],'[1]60 روزه'!A:A,'[1]60 روزه'!D:D,"*",0) -> 824833754 | E4: 0.012337836 | F4: 0.013817563 | G4: =_xlfn.XLOOKUP(Table9[[#This Row],[کدشعبه ]],'[1]60 روزه'!A:A,'[1]60 روزه'!E:E,1) -> 0.013966244 | H4: 0.012091823 | I4: 0.011770482 | J4: 0.016622946 | K4: 0.017696682 | L4: 0.013966244 | M4: =L4-K4 -> -0.0037304381 | N4: =_xlfn.XLOOKUP(Table9[[#This Row],[کدشعبه ]],[1]!Table28[کد فروشگاه],[1]!Table28[Column1],"*",0) -> مینا باقری فرد | O4: =K4-(J4*0.15) -> 0.01520324 | P4: =O4-J4 -> -0.0014197062 | Q4: =Table9[[#This Row],[تارگت15 مهر]]/Table9[[#This Row],[درصد راکد11مهر]] -> 1.0885704
A5: =VLOOKUP(Table9[[#This Row],[نام شعبه ]],[1]دیتا!E:G,3,0) -> محمد شاکری | B5: OKS10887 | C5: فرانچایز خرم آباد باباطاهر | D5: =_xlfn.XLOOKUP(Table9[[#This Row],[کدشعبه ]],'[1]60 روزه'!A:A,'[1]60 روزه'!D:D,"*",0) -> 1572176833 | E5: 0.052690435 | F5: 0.051180591 | G5: =_xlfn.XLOOKUP(Table9[[#This Row],[کدشعبه ]],'[1]60 روزه'!A:A,'[1]60 روزه'!E:E,1) -> 0.024982932 | H5: 0.042122461 | I5: 0.052444817 | J5: 0.041368925 | K5: 0.032531332 | L5: 0.024982932 | M5: =L5-K5 -> -0.0075483997 | N5: =_xlfn.XLOOKUP(Table9[[#This Row],[کدشعبه ]],[1]!Table28[کد فروشگاه],[1]!Table28[Column1],"*",0) -> مجید هاشمی فر | O5: =K5-(J5*0.15) -> 0.026325993 | P5: =O5-J5 -> -0.015042932 | Q5: =Table9[[#This Row],[تارگت15 مهر]]/Table9[[#This Row],[درصد راکد11مهر]] -> 1.0537591
A6: =VLOOKUP(Table9[[#This Row],[نام شعبه ]],[1]دیتا!E:G,3,0) -> مرتضی رضایی | B6: OKS08972 | C6: فرانچایز خرم آباد چهارراه پژوهنده | D6: =_xlfn.XLOOKUP(Table9[[#This Row],[کدشعبه ]],'[1]60 روزه'!A:A,'[1]60 روزه'!D:D,"*",0) -> 498878600 | E6: 0.011403451 | F6: 0.011716301 | G6: =_xlfn.XLOOKUP(Table9[[#This Row],[کدشعبه ]],'[1]60 روزه'!A:A,'[1]60 روزه'!E:E,1) -> 0.0064336712 | H6: 0.0090712952 | I6: 0.0072600224 | J6: 0.005778946 | K6: 0.00756301 | L6: 0.0064336712 | M6: =L6-K6 -> -0.0011293388 | N6: =_xlfn.XLOOKUP(Table9[[#This Row],[کدشعبه ]],[1]!Table28[کد فروشگاه],[1]!Table28[Column1],"*",0) -> علی رضایی | O6: =K6-(J6*0.15) -> 0.0066961681 | P6: =O6-J6 -> 0.0009172221 | Q6: =Table9[[#This Row],[تارگت15 مهر]]/Table9[[#This Row],[درصد راکد11مهر]] -> 1.0408005
A7: =VLOOKUP(Table9[[#This Row],[نام شعبه ]],[1]دیتا!E:G,3,0) -> مرتضی رضایی | B7: OKS04019 | C7: فرانچایز خرم آباد فاز دو ناصر خسرو | D7: =_xlfn.XLOOKUP(Table9[[#This Row],[کدشعبه ]],'[1]60 روزه'!A:A,'[1]60 روزه'!D:D,"*",0) -> 143196500 | E7: 0.0053208001 | F7: 0.0061717187 | G7: =_xlfn.XLOOKUP(Table9[[#This Row],[کدشعبه ]],'[1]60 روزه'!A:A,'[1]60 روزه'!E:E,1) -> 0.0027016472 | H7: 0.001968424 | I7: 0.0019113639 | J7: 0.0030632044 | K7: 0.003252299 | L7: 0.0027016472 | M7: =L7-K7 -> -0.00055065184 | N7: =_xlfn.XLOOKUP(Table9[[#This Row],[کدشعبه ]],[1]!Table28[کد فروشگاه],[1]!Table28[Column1],"*",0) -> رضا زینی وند | O7: =K7-(J7*0.15) -> 0.0027928183 | P7: =O7-J7 -> -0.00027038601 | Q7: =Table9[[#This Row],[تارگت15 مهر]]/Table9[[#This Row],[درصد راکد11مهر]] -> 1.0337465
A8: =VLOOKUP(Table9[[#This Row],[نام شعبه ]],[1]دیتا!E:G,3,0) -> علی ابراهیمی نیا | B8: OKS10345 | C8: فرانچایز دوره چگنی خیابان رهبری | D8: =_xlfn.XLOOKUP(Table9[[#This Row],[کدشعبه ]],'[1]60 روزه'!A:A,'[1]60 روزه'!D:D,"*",0) -> 273601080 | E8: 0.0018041287 | F8: 0.0018805228 | G8: =_xlfn.XLOOKUP(Table9[[#This Row],[کدشعبه ]],'[1]60 روزه'!A:A,'[1]60 روزه'!E:E,1) -> 0.0032096044 | H8: 0.0019385822 | I8: 0.0019477156 | J8: 0.0021816191 | K8: 0.0036294319 | L8: 0.0032096044 | M8: =L8-K8 -> -0.00041982751 | N8: =_xlfn.XLOOKUP(Table9[[#This Row],[کدشعبه ]],[1]!Table28[کد فروشگاه],[1]!Table28[Column1],"*",0) -> اصغر امیری | O8: =K8-(J8*0.15) -> 0.003302189 | P8: =O8-J8 -> 0.00112057 | Q8: =Table9[[#This Row],[تارگت15 مهر]]/Table9[[#This Row],[درصد راکد11مهر]] -> 1.0288461
A9: =VLOOKUP(Table9[[#This Row],[نام شعبه ]],[1]دیتا!E:G,3,0) -> مرتضی رضایی | B9: OKS10333 | C9: فرانچایز خرم آباد خیابان دهخدا | D9: =_xlfn.XLOOKUP(Table9[[#This Row],[کدشعبه ]],'[1]60 روزه'!A:A,'[1]60 روزه'!D:D,"*",0) -> 954674297 | E9: 0.01146564 | F9: 0.0086177036 | G9: =_xlfn.XLOOKUP(Table9[[#This Row],[کدشعبه ]],'[1]60 روزه'!A:A,'[1]60 روزه'!E:E,1) -> 0.01564427 | H9: 0.011067323 | I9: 0.01095851 | J9: 0.010910992 | K9: 0.017478987 | L9: 0.01564427 | M9: =L9-K9 -> -0.0018347167 | N9: =_xlfn.XLOOKUP(Table9[[#This Row],[کدشعبه ]],[1]!Table28[کد فروشگاه],[1]!Table28[Column1],"*",0) -> فاطمه هاشمی | O9: =K9-(J9*0.15) -> 0.015842338 | P9: =O9-J9 -> 0.0049313461 | Q9: =Table9[[#This Row],[تارگت15 مهر]]/Table9[[#This Row],[درصد راکد11مهر]] -> 1.0126607
A10: =VLOOKUP(Table9[[#This Row],[نام شعبه ]],[1]دیتا!E:G,3,0) -> مصطفی سیفی | B10: OKS06697 | C10: فرانچایز خرم آباد اسدآبادی دو | D10: =_xlfn.XLOOKUP(Table9[[#This Row],[کدشعبه ]],'[1]60 روزه'!A:A,'[1]60 روزه'!D:D,"*",0) -> 772904920 | E10: 0.010342463 | F10: 0.010127304 | G10: =_xlfn.XLOOKUP(Table9[[#This Row],[کدشعبه ]],'[1]60 روزه'!A:A,'[1]60 روزه'!E:E,1) -> 0.010374205 | H10: 0.011122607 | I10: 0.01163276 | J10: 0.012814717 | K10: 0.012066688 | L10: 0.010374205 | M10: =L10-K10 -> -0.0016924834 | N10: =_xlfn.XLOOKUP(Table9[[#This Row],[کدشعبه ]],[1]!Table28[کد فروشگاه],[1]!Table28[Column1],"*",0) -> سعید سام پور | O10: =K10-(J10*0.15) -> 0.010144481 | P10: =O10-J10 -> -0.0026702357 | Q10: =Table9[[#This Row],[تارگت15 مهر]]/Table9[[#This Row],[درصد راکد11مهر]] -> 0.97785622
A11: =VLOOKUP(Table9[[#This Row],[نام شعبه ]],[1]دیتا!E:G,3,0) -> علی ابراهیمی نیا | B11: OKS06722 | C11: فرانچایز خرم آباد ماسور دو | D11: =_xlfn.XLOOKUP(Table9[[#This Row],[کدشعبه ]],'[1]60 روزه'!A:A,'[1]60 روزه'!D:D,"*",0) -> 504733120 | E11: 0.0066431251 | F11: 0.0059467734 | G11: =_xlfn.XLOOKUP(Table9[[#This Row],[کدشعبه ]],'[1]60 روزه'!A:A,'[1]60 روزه'!E:E,1) -> 0.0078825478 | H11: 0.0076578002 | I11: 0.0093060186 | J11: 0.0068137077 | K11: 0.0086163711 | L11: 0.0078825478 | M11: =L11-K11 -> -0.00073382336 | N11: =_xlfn.XLOOKUP(Table9[[#This Row],[کدشعبه ]],[1]!Table28[کد فروشگاه],[1]!Table28[Column1],"*",0) -> محمد شريفي فرد | O11: =K11-(J11*0.15) -> 0.007594315 | P11: =O11-J11 -> 0.00078060731 | Q11: =Table9[[#This Row],[تارگت15 مهر]]/Table9[[#This Row],[درصد راکد11مهر]] -> 0.96343406
A12: =VLOOKUP(Table9[[#This Row],[نام شعبه ]],[1]دیتا!E:G,3,0) -> سامان بسطامی | B12: OKS08496 | C12: فروشگاه خرم آباد خیابان علوی | D12: =_xlfn.XLOOKUP(Table9[[#This Row],[کدشعبه ]],'[1]60 روزه'!A:A,'[1]60 روزه'!D:D,"*",0) -> 542094180 | E12: 0.0054851676 | F12: 0.0058707608 | G12: =_xlfn.XLOOKUP(Table9[[#This Row],[کدشعبه ]],'[1]60 روزه'!A:A,'[1]60 روزه'!E:E,1) -> 0.012155461 | H12: 0.0070081856 | I12: 0.0083289905 | J12: 0.0045032864 | K12: 0.012336274 | L12: 0.012155461 | M12: =L12-K12 -> -0.00018081241 | N12: =_xlfn.XLOOKUP(Table9[[#This Row],[کدشعبه ]],[1]!Table28[کد فروشگاه],[1]!Table28[Column1],"*",0) -> عبدالرضا میردریکوند | O12: =K12-(J12*0.15) -> 0.011660781 | P12: =O12-J12 -> 0.0071574941 | Q12: =Table9[[#This Row],[تارگت15 مهر]]/Table9[[#This Row],[درصد راکد11مهر]] -> 0.95930384
A13: =VLOOKUP(Table9[[#This Row],[نام شعبه ]],[1]دیتا!E:G,3,0) -> فیاض رحیم زاده | B13: OKS02476 | C13: فرانچایز پلدختر هفت تیر دو | D13: =_xlfn.XLOOKUP(Table9[[#This Row],[کدشعبه ]],'[1]60 روزه'!A:A,'[1]60 روزه'!D:D,"*",0) -> 676395050 | E13: 0.0097713021 | F13: 0.010337077 | G13: =_xlfn.XLOOKUP(Table9[[#This Row],[کدشعبه ]],'[1]60 روزه'!A:A,'[1]60 روزه'!E:E,1) -> 0.0085516076 | H13: 0.0077894232 | I13: 0.0092974232 | J13: 0.0098294729 | K13: 0.0096352857 | L13: 0.0085516076 | M13: =L13-K13 -> -0.0010836782 | N13: =_xlfn.XLOOKUP(Table9[[#This Row],[کدشعبه ]],[1]!Table28[کد فروشگاه],[1]!Table28[Column1],"*",0) -> حمزه جودکی | O13: =K13-(J13*0.15) -> 0.0081608648 | P13: =O13-J13 -> -0.0016686081 | Q13: =Table9[[#This Row],[تارگت15 مهر]]/Table9[[#This Row],[درصد راکد11مهر]] -> 0.95430768
... A72: =VLOOKUP(Table9[[#This Row],[نام شعبه ]],[1]دیتا!E:G,3,0) -> محمد شاکری | B72: OKS05752 | C72: فرانچایز خرم آباد گلدشت غربی دو | D72: =_xlfn.XLOOKUP(Table9[[#This Row],[کدشعبه ]],'[1]60 روزه'!A:A,'[1]60 روزه'!D:D,"*",0) -> 488136146 | E72: 0.0054248491 | F72: 0.0088153233 | G72: =_xlfn.XLOOKUP(Table9[[#This Row],[کدشعبه ]],'[1]60 روزه'!A:A,'[1]60 روزه'!E:E,1) -> 0.0075346813 | H72: 0.012195363 | I72: 0.0096706357 | J72: 0.0094245188 | K72: 0.0055393052 | L72: 0.0075346813 | M72: =L72-K72 -> 0.0019953761 | N72: =_xlfn.XLOOKUP(Table9[[#This Row],[کدشعبه ]],[1]!Table28[کد فروشگاه],[1]!Table28[Column1],"*",0) -> سيده فتانه قاسمي | O72: =K72-(J72*0.15) -> 0.0041256274 | P72: =O72-J72 -> -0.0052988915 | Q72: =Table9[[#This Row],[تارگت15 مهر]]/Table9[[#This Row],[درصد راکد11مهر]] -> 0.54755167
A73: هدف سوپروایزر | D73: - | E73: =SUBTOTAL(101,Table9[درصد راکد16 شهریور]) -> 0.025285688 | F73: =SUBTOTAL(101,Table9[درصد راکد18 شهریور2]) -> 0.026205234 | G73: =SUBTOTAL(101,Table9[درصد راکد 20 شهریور]) -> 0.023467764 | H73: =SUBTOTAL(101,Table9[درصد راکد 24 شهریور]) -> 0.024956542 | I73: =SUBTOTAL(101,Table9[درصد راکد 26شهریور]) -> 0.025617581 | J73: =SUBTOTAL(101,Table9[درصد راکد1 مهر]) -> 0.024129931 | K73: 2.31% | L73: =SUBTOTAL(101,Table9[درصد راکد11مهر]) -> 0.023467764 | M73: =G73-F73 -> -0.0027374697 | O73: =J73-(I73*0.2) -> 0.019006414 | P73: =O73-E73 -> -0.0062792734 | Q73: =Table9[[#Totals],[تارگت15 مهر]]/Table9[[#Totals],[درصد راکد11مهر]] -> 0.80989454
